date,store_nbr,family,sales,onpromotion
2016-01-01,1,BEVERAGES,0.0,0
2016-01-01,1,DAIRY,0.0,0
2016-01-01,1,GROCERY I,0.0,0
2016-01-02,1,BEVERAGES,1856.0,7
2016-01-02,1,DAIRY,627.0,15
2016-01-02,1,GROCERY I,2047.0,22
2016-01-03,1,BEVERAGES,1048.0,1
2016-01-03,1,DAIRY,382.0,7
2016-01-03,1,GROCERY I,1069.0,7
2016-01-04,1,BEVERAGES,3005.0,3
2016-01-04,1,DAIRY,983.0,12
2016-01-04,1,GROCERY I,3190.0,5
2016-01-05,1,BEVERAGES,2374.0,9
2016-01-05,1,DAIRY,932.0,14
2016-01-05,1,GROCERY I,2627.0,12
2016-01-06,1,BEVERAGES,2799.0,5
2016-01-06,1,DAIRY,1143.0,15
2016-01-06,1,GROCERY I,3330.0,5
2016-01-07,1,BEVERAGES,2248.0,0
2016-01-07,1,DAIRY,697.0,7
2016-01-07,1,GROCERY I,2500.0,2
2016-01-08,1,BEVERAGES,2208.0,1
2016-01-08,1,DAIRY,821.0,17
2016-01-08,1,GROCERY I,2985.0,4
2016-01-09,1,BEVERAGES,2360.0,0
2016-01-09,1,DAIRY,844.0,8
2016-01-09,1,GROCERY I,2427.0,6
2016-01-10,1,BEVERAGES,991.0,4
2016-01-10,1,DAIRY,368.0,8
2016-01-10,1,GROCERY I,1061.0,16
2016-01-11,1,BEVERAGES,2001.0,1
2016-01-11,1,DAIRY,802.0,11
2016-01-11,1,GROCERY I,2474.0,3
2016-01-12,1,BEVERAGES,2339.0,4
2016-01-12,1,DAIRY,809.0,6
2016-01-12,1,GROCERY I,3035.0,11
2016-01-13,1,BEVERAGES,2141.0,4
2016-01-13,1,DAIRY,848.0,9
2016-01-13,1,GROCERY I,2617.0,16
2016-01-14,1,BEVERAGES,2422.0,4
2016-01-14,1,DAIRY,808.0,14
2016-01-14,1,GROCERY I,2403.0,15
2016-01-15,1,BEVERAGES,2100.0,2
2016-01-15,1,DAIRY,757.0,12
2016-01-15,1,GROCERY I,2291.0,4
2016-01-16,1,BEVERAGES,2457.0,3
2016-01-16,1,DAIRY,872.0,9
2016-01-16,1,GROCERY I,2599.0,8
2016-01-17,1,BEVERAGES,1173.0,3
2016-01-17,1,DAIRY,444.0,7
2016-01-17,1,GROCERY I,1291.0,12
2016-01-18,1,BEVERAGES,2399.0,1
2016-01-18,1,DAIRY,875.0,12
2016-01-18,1,GROCERY I,2659.0,10
2016-01-19,1,BEVERAGES,1997.0,3
2016-01-19,1,DAIRY,762.0,12
2016-01-19,1,GROCERY I,2294.0,17
2016-01-20,1,BEVERAGES,2376.0,5
2016-01-20,1,DAIRY,960.0,12
2016-01-20,1,GROCERY I,2720.0,23
2016-01-21,1,BEVERAGES,1771.0,0
2016-01-21,1,DAIRY,576.0,0
2016-01-21,1,GROCERY I,2053.0,0
2016-01-22,1,BEVERAGES,2071.0,0
2016-01-22,1,DAIRY,888.0,3
2016-01-22,1,GROCERY I,2780.0,1
2016-01-23,1,BEVERAGES,2209.0,0
2016-01-23,1,DAIRY,778.0,0
2016-01-23,1,GROCERY I,2390.0,2
2016-01-24,1,BEVERAGES,956.0,0
2016-01-24,1,DAIRY,353.0,0
2016-01-24,1,GROCERY I,950.0,2
2016-01-25,1,BEVERAGES,2047.0,0
2016-01-25,1,DAIRY,805.0,0
2016-01-25,1,GROCERY I,2601.0,2
2016-01-26,1,BEVERAGES,1882.0,2
2016-01-26,1,DAIRY,741.0,0
2016-01-26,1,GROCERY I,2289.0,0
2016-01-27,1,BEVERAGES,2131.0,2
2016-01-27,1,DAIRY,893.0,0
2016-01-27,1,GROCERY I,2689.0,1
2016-01-28,1,BEVERAGES,1751.0,23
2016-01-28,1,DAIRY,709.0,0
2016-01-28,1,GROCERY I,2110.0,32
2016-01-29,1,BEVERAGES,2391.0,24
2016-01-29,1,DAIRY,761.0,3
2016-01-29,1,GROCERY I,2490.0,39
2016-01-30,1,BEVERAGES,2340.0,25
2016-01-30,1,DAIRY,821.0,0
2016-01-30,1,GROCERY I,2489.0,38
2016-01-31,1,BEVERAGES,1023.0,17
2016-01-31,1,DAIRY,415.0,0
2016-01-31,1,GROCERY I,1101.0,30
2016-02-01,1,BEVERAGES,2450.0,25
2016-02-01,1,DAIRY,809.0,0
2016-02-01,1,GROCERY I,2731.0,39
2016-02-02,1,BEVERAGES,1965.0,30
2016-02-02,1,DAIRY,771.0,0
2016-02-02,1,GROCERY I,2665.0,38
2016-02-03,1,BEVERAGES,2769.0,30
2016-02-03,1,DAIRY,902.0,0
2016-02-03,1,GROCERY I,3591.0,39
2016-02-04,1,BEVERAGES,2083.0,29
2016-02-04,1,DAIRY,685.0,0
2016-02-04,1,GROCERY I,2432.0,60
2016-02-05,1,BEVERAGES,2028.0,31
2016-02-05,1,DAIRY,821.0,3
2016-02-05,1,GROCERY I,2632.0,61
2016-02-06,1,BEVERAGES,2012.0,34
2016-02-06,1,DAIRY,685.0,0
2016-02-06,1,GROCERY I,2342.0,69
2016-02-07,1,BEVERAGES,639.0,17
2016-02-07,1,DAIRY,201.0,0
2016-02-07,1,GROCERY I,631.0,35
2016-02-08,1,BEVERAGES,531.0,17
2016-02-08,1,DAIRY,225.0,0
2016-02-08,1,GROCERY I,703.0,26
2016-02-09,1,BEVERAGES,742.0,20
2016-02-09,1,DAIRY,327.0,0
2016-02-09,1,GROCERY I,956.0,40
2016-02-10,1,BEVERAGES,2247.0,30
2016-02-10,1,DAIRY,934.0,0
2016-02-10,1,GROCERY I,2778.0,58
2016-02-11,1,BEVERAGES,2085.0,31
2016-02-11,1,DAIRY,747.0,0
2016-02-11,1,GROCERY I,2452.0,59
2016-02-12,1,BEVERAGES,2522.0,28
2016-02-12,1,DAIRY,894.0,3
2016-02-12,1,GROCERY I,2790.0,59
2016-02-13,1,BEVERAGES,2281.0,28
2016-02-13,1,DAIRY,808.0,0
2016-02-13,1,GROCERY I,2557.0,61
2016-02-14,1,BEVERAGES,974.0,22
2016-02-14,1,DAIRY,367.0,0
2016-02-14,1,GROCERY I,1117.0,48
2016-02-15,1,BEVERAGES,2239.0,27
2016-02-15,1,DAIRY,745.0,0
2016-02-15,1,GROCERY I,2566.0,62
2016-02-16,1,BEVERAGES,2539.0,7
2016-02-16,1,DAIRY,758.0,0
2016-02-16,1,GROCERY I,3345.0,24
2016-02-17,1,BEVERAGES,2313.0,7
2016-02-17,1,DAIRY,944.0,0
2016-02-17,1,GROCERY I,2891.0,23
2016-02-18,1,BEVERAGES,2012.0,5
2016-02-18,1,DAIRY,647.0,0
2016-02-18,1,GROCERY I,2394.0,31
2016-02-19,1,BEVERAGES,2371.0,6
2016-02-19,1,DAIRY,797.0,3
2016-02-19,1,GROCERY I,2860.0,29
2016-02-20,1,BEVERAGES,2760.0,8
2016-02-20,1,DAIRY,888.0,0
2016-02-20,1,GROCERY I,2747.0,31
2016-02-21,1,BEVERAGES,1211.0,5
2016-02-21,1,DAIRY,370.0,0
2016-02-21,1,GROCERY I,1200.0,17
2016-02-22,1,BEVERAGES,2353.0,7
2016-02-22,1,DAIRY,777.0,0
2016-02-22,1,GROCERY I,2453.0,20
2016-02-23,1,BEVERAGES,2115.0,5
2016-02-23,1,DAIRY,697.0,0
2016-02-23,1,GROCERY I,2451.0,18
2016-02-24,1,BEVERAGES,2097.0,7
2016-02-24,1,DAIRY,911.0,0
2016-02-24,1,GROCERY I,2807.0,35
2016-02-25,1,BEVERAGES,1854.0,7
2016-02-25,1,DAIRY,621.0,0
2016-02-25,1,GROCERY I,2084.0,4
2016-02-26,1,BEVERAGES,2171.0,51
2016-02-26,1,DAIRY,803.0,5
2016-02-26,1,GROCERY I,2563.0,11
2016-02-27,1,BEVERAGES,2471.0,56
2016-02-27,1,DAIRY,851.0,2
2016-02-27,1,GROCERY I,2500.0,12
2016-02-28,1,BEVERAGES,904.0,44
2016-02-28,1,DAIRY,355.0,1
2016-02-28,1,GROCERY I,903.0,7
2016-02-29,1,BEVERAGES,2282.0,19
2016-02-29,1,DAIRY,776.0,1
2016-02-29,1,GROCERY I,2448.0,13
2016-03-01,1,BEVERAGES,2371.0,15
2016-03-01,1,DAIRY,838.0,3
2016-03-01,1,GROCERY I,2808.0,13
2016-03-02,1,BEVERAGES,2432.0,15
2016-03-02,1,DAIRY,921.0,3
2016-03-02,1,GROCERY I,3137.0,19
2016-03-03,1,BEVERAGES,2013.0,16
2016-03-03,1,DAIRY,752.0,5
2016-03-03,1,GROCERY I,2303.0,15
2016-03-04,1,BEVERAGES,2342.0,16
2016-03-04,1,DAIRY,862.0,10
2016-03-04,1,GROCERY I,3587.0,15
2016-03-05,1,BEVERAGES,2562.0,17
2016-03-05,1,DAIRY,925.0,7
2016-03-05,1,GROCERY I,2878.0,19
2016-03-06,1,BEVERAGES,1048.0,11
2016-03-06,1,DAIRY,404.0,5
2016-03-06,1,GROCERY I,1365.0,12
2016-03-07,1,BEVERAGES,2165.0,11
2016-03-07,1,DAIRY,789.0,6
2016-03-07,1,GROCERY I,2596.0,15
2016-03-08,1,BEVERAGES,2027.0,0
2016-03-08,1,DAIRY,641.0,0
2016-03-08,1,GROCERY I,2531.0,0
2016-03-09,1,BEVERAGES,2224.0,10
2016-03-09,1,DAIRY,902.0,5
2016-03-09,1,GROCERY I,2750.0,19
2016-03-10,1,BEVERAGES,1897.0,9
2016-03-10,1,DAIRY,689.0,3
2016-03-10,1,GROCERY I,2196.0,13
2016-03-11,1,BEVERAGES,2208.0,13
2016-03-11,1,DAIRY,839.0,16
2016-03-11,1,GROCERY I,2714.0,19
2016-03-12,1,BEVERAGES,2362.0,11
2016-03-12,1,DAIRY,861.0,10
2016-03-12,1,GROCERY I,2678.0,18
2016-03-13,1,BEVERAGES,970.0,7
2016-03-13,1,DAIRY,438.0,7
2016-03-13,1,GROCERY I,1134.0,12
2016-03-14,1,BEVERAGES,2238.0,13
2016-03-14,1,DAIRY,782.0,8
2016-03-14,1,GROCERY I,2266.0,18
2016-03-15,1,BEVERAGES,2049.0,16
2016-03-15,1,DAIRY,630.0,5
2016-03-15,1,GROCERY I,2986.0,19
2016-03-16,1,BEVERAGES,2329.0,10
2016-03-16,1,DAIRY,923.0,15
2016-03-16,1,GROCERY I,3039.0,19
2016-03-17,1,BEVERAGES,2101.0,10
2016-03-17,1,DAIRY,708.0,11
2016-03-17,1,GROCERY I,2427.0,44
2016-03-18,1,BEVERAGES,2224.0,8
2016-03-18,1,DAIRY,835.0,7
2016-03-18,1,GROCERY I,2478.0,24
2016-03-19,1,BEVERAGES,2302.0,7
2016-03-19,1,DAIRY,924.0,13
2016-03-19,1,GROCERY I,2514.0,24
2016-03-20,1,BEVERAGES,1067.0,3
2016-03-20,1,DAIRY,378.0,7
2016-03-20,1,GROCERY I,1313.0,16
2016-03-21,1,BEVERAGES,2149.0,3
2016-03-21,1,DAIRY,756.0,13
2016-03-21,1,GROCERY I,2456.0,29
2016-03-22,1,BEVERAGES,1991.0,6
2016-03-22,1,DAIRY,750.0,6
2016-03-22,1,GROCERY I,2356.0,23
2016-03-23,1,BEVERAGES,2208.0,6
2016-03-23,1,DAIRY,993.0,3
2016-03-23,1,GROCERY I,2774.0,28
2016-03-24,1,BEVERAGES,2653.0,7
2016-03-24,1,DAIRY,963.0,1
2016-03-24,1,GROCERY I,2941.0,31
2016-03-25,1,BEVERAGES,899.0,4
2016-03-25,1,DAIRY,317.0,0
2016-03-25,1,GROCERY I,824.0,19
2016-03-26,1,BEVERAGES,1723.0,8
2016-03-26,1,DAIRY,550.0,0
2016-03-26,1,GROCERY I,1748.0,27
2016-03-27,1,BEVERAGES,862.0,1
2016-03-27,1,DAIRY,313.0,1
2016-03-27,1,GROCERY I,977.0,19
2016-03-28,1,BEVERAGES,1986.0,6
2016-03-28,1,DAIRY,796.0,0
2016-03-28,1,GROCERY I,2309.0,28
2016-03-29,1,BEVERAGES,2223.0,5
2016-03-29,1,DAIRY,765.0,1
2016-03-29,1,GROCERY I,2698.0,27
2016-03-30,1,BEVERAGES,2163.0,6
2016-03-30,1,DAIRY,851.0,2
2016-03-30,1,GROCERY I,2632.0,24
2016-03-31,1,BEVERAGES,2051.0,6
2016-03-31,1,DAIRY,668.0,0
2016-03-31,1,GROCERY I,2407.0,24
2016-04-01,1,BEVERAGES,2274.0,8
2016-04-01,1,DAIRY,868.0,0
2016-04-01,1,GROCERY I,3554.0,27
2016-04-02,1,BEVERAGES,2317.0,2
2016-04-02,1,DAIRY,895.0,0
2016-04-02,1,GROCERY I,3028.0,23
2016-04-03,1,BEVERAGES,1112.0,2
2016-04-03,1,DAIRY,418.0,2
2016-04-03,1,GROCERY I,1319.0,18
2016-04-04,1,BEVERAGES,2067.0,4
2016-04-04,1,DAIRY,839.0,1
2016-04-04,1,GROCERY I,2792.0,26
2016-04-05,1,BEVERAGES,1897.0,5
2016-04-05,1,DAIRY,827.0,1
2016-04-05,1,GROCERY I,2657.0,20
2016-04-06,1,BEVERAGES,2196.0,6
2016-04-06,1,DAIRY,890.0,2
2016-04-06,1,GROCERY I,2784.0,28
2016-04-07,1,BEVERAGES,2041.0,31
2016-04-07,1,DAIRY,771.0,0
2016-04-07,1,GROCERY I,2625.0,49
2016-04-08,1,BEVERAGES,2262.0,41
2016-04-08,1,DAIRY,840.0,0
2016-04-08,1,GROCERY I,2486.0,67
2016-04-09,1,BEVERAGES,2227.0,42
2016-04-09,1,DAIRY,829.0,0
2016-04-09,1,GROCERY I,2523.0,51
2016-04-10,1,BEVERAGES,1059.0,30
2016-04-10,1,DAIRY,348.0,0
2016-04-10,1,GROCERY I,1179.0,31
2016-04-11,1,BEVERAGES,2177.0,38
2016-04-11,1,DAIRY,707.0,2
2016-04-11,1,GROCERY I,2578.0,54
2016-04-12,1,BEVERAGES,1745.0,35
2016-04-12,1,DAIRY,680.0,0
2016-04-12,1,GROCERY I,2406.0,54
2016-04-13,1,BEVERAGES,2342.0,47
2016-04-13,1,DAIRY,841.0,1
2016-04-13,1,GROCERY I,2821.0,76
2016-04-14,1,BEVERAGES,1835.0,5
2016-04-14,1,DAIRY,671.0,0
2016-04-14,1,GROCERY I,2236.0,13
2016-04-15,1,BEVERAGES,2009.0,2
2016-04-15,1,DAIRY,811.0,0
2016-04-15,1,GROCERY I,2621.0,16
2016-04-16,1,BEVERAGES,2073.0,5
2016-04-16,1,DAIRY,795.0,2
2016-04-16,1,GROCERY I,2439.0,22
2016-04-17,1,BEVERAGES,1717.0,3
2016-04-17,1,DAIRY,418.0,0
2016-04-17,1,GROCERY I,2649.0,18
2016-04-18,1,BEVERAGES,4155.0,1
2016-04-18,1,DAIRY,848.0,1
2016-04-18,1,GROCERY I,9065.0,18
2016-04-19,1,BEVERAGES,5051.0,5
2016-04-19,1,DAIRY,779.0,1
2016-04-19,1,GROCERY I,8221.0,19
2016-04-20,1,BEVERAGES,4239.0,19
2016-04-20,1,DAIRY,962.0,35
2016-04-20,1,GROCERY I,5438.0,28
2016-04-21,1,BEVERAGES,2872.0,18
2016-04-21,1,DAIRY,765.0,34
2016-04-21,1,GROCERY I,4768.0,39
2016-04-22,1,BEVERAGES,2940.0,19
2016-04-22,1,DAIRY,883.0,34
2016-04-22,1,GROCERY I,4871.0,26
2016-04-23,1,BEVERAGES,2283.0,15
2016-04-23,1,DAIRY,831.0,36
2016-04-23,1,GROCERY I,3039.0,27
2016-04-24,1,BEVERAGES,1279.0,23
2016-04-24,1,DAIRY,405.0,23
2016-04-24,1,GROCERY I,1554.0,34
2016-04-25,1,BEVERAGES,1928.0,18
2016-04-25,1,DAIRY,728.0,36
2016-04-25,1,GROCERY I,2528.0,30
2016-04-26,1,BEVERAGES,2016.0,13
2016-04-26,1,DAIRY,746.0,38
2016-04-26,1,GROCERY I,2535.0,33
2016-04-27,1,BEVERAGES,2347.0,19
2016-04-27,1,DAIRY,862.0,38
2016-04-27,1,GROCERY I,2779.0,45
2016-04-28,1,BEVERAGES,2074.0,19
2016-04-28,1,DAIRY,660.0,35
2016-04-28,1,GROCERY I,2989.0,63
2016-04-29,1,BEVERAGES,2322.0,24
2016-04-29,1,DAIRY,895.0,38
2016-04-29,1,GROCERY I,2786.0,57
2016-04-30,1,BEVERAGES,2556.0,25
2016-04-30,1,DAIRY,888.0,38
2016-04-30,1,GROCERY I,2920.0,69
2016-05-01,1,BEVERAGES,1148.0,17
2016-05-01,1,DAIRY,468.0,30
2016-05-01,1,GROCERY I,1470.0,44
2016-05-02,1,BEVERAGES,2321.0,10
2016-05-02,1,DAIRY,934.0,2
2016-05-02,1,GROCERY I,2870.0,41
2016-05-03,1,BEVERAGES,1908.0,6
2016-05-03,1,DAIRY,789.0,1
2016-05-03,1,GROCERY I,2628.0,53
2016-05-04,1,BEVERAGES,2281.0,17
2016-05-04,1,DAIRY,1002.0,7
2016-05-04,1,GROCERY I,3279.0,63
2016-05-05,1,BEVERAGES,2076.0,14
2016-05-05,1,DAIRY,728.0,3
2016-05-05,1,GROCERY I,2977.0,59
2016-05-06,1,BEVERAGES,2642.0,7
2016-05-06,1,DAIRY,1028.0,2
2016-05-06,1,GROCERY I,2994.0,52
2016-05-07,1,BEVERAGES,2686.0,5
2016-05-07,1,DAIRY,1083.0,2
2016-05-07,1,GROCERY I,3156.0,54
2016-05-08,1,BEVERAGES,856.0,6
2016-05-08,1,DAIRY,317.0,1
2016-05-08,1,GROCERY I,852.0,36
2016-05-09,1,BEVERAGES,2135.0,9
2016-05-09,1,DAIRY,856.0,4
2016-05-09,1,GROCERY I,2969.0,54
2016-05-10,1,BEVERAGES,1747.0,7
2016-05-10,1,DAIRY,722.0,5
2016-05-10,1,GROCERY I,2279.0,50
2016-05-11,1,BEVERAGES,2101.0,15
2016-05-11,1,DAIRY,911.0,6
2016-05-11,1,GROCERY I,2897.0,34
2016-05-12,1,BEVERAGES,1792.0,10
2016-05-12,1,DAIRY,686.0,4
2016-05-12,1,GROCERY I,2423.0,34
2016-05-13,1,BEVERAGES,2185.0,11
2016-05-13,1,DAIRY,796.0,3
2016-05-13,1,GROCERY I,2783.0,29
2016-05-14,1,BEVERAGES,2145.0,11
2016-05-14,1,DAIRY,812.0,4
2016-05-14,1,GROCERY I,2713.0,26
2016-05-15,1,BEVERAGES,1103.0,6
2016-05-15,1,DAIRY,442.0,2
2016-05-15,1,GROCERY I,1183.0,16
2016-05-16,1,BEVERAGES,2342.0,17
2016-05-16,1,DAIRY,952.0,4
2016-05-16,1,GROCERY I,2893.0,27
2016-05-17,1,BEVERAGES,2116.0,9
2016-05-17,1,DAIRY,724.0,3
2016-05-17,1,GROCERY I,3123.0,30
2016-05-18,1,BEVERAGES,2128.0,11
2016-05-18,1,DAIRY,877.0,2
2016-05-18,1,GROCERY I,2898.0,35
2016-05-19,1,BEVERAGES,1839.0,8
2016-05-19,1,DAIRY,677.0,1
2016-05-19,1,GROCERY I,2249.0,31
2016-05-20,1,BEVERAGES,2212.0,15
2016-05-20,1,DAIRY,849.0,4
2016-05-20,1,GROCERY I,2523.0,43
2016-05-21,1,BEVERAGES,2202.0,9
2016-05-21,1,DAIRY,861.0,2
2016-05-21,1,GROCERY I,2700.0,28
2016-05-22,1,BEVERAGES,852.0,5
2016-05-22,1,DAIRY,349.0,2
2016-05-22,1,GROCERY I,1221.0,17
2016-05-23,1,BEVERAGES,1870.0,8
2016-05-23,1,DAIRY,806.0,1
2016-05-23,1,GROCERY I,2415.0,33
2016-05-24,1,BEVERAGES,1705.0,9
2016-05-24,1,DAIRY,658.0,3
2016-05-24,1,GROCERY I,2293.0,26
2016-05-25,1,BEVERAGES,2036.0,9
2016-05-25,1,DAIRY,841.0,2
2016-05-25,1,GROCERY I,2501.0,34
2016-05-26,1,BEVERAGES,2043.0,37
2016-05-26,1,DAIRY,719.0,3
2016-05-26,1,GROCERY I,2592.0,59
2016-05-27,1,BEVERAGES,1106.0,24
2016-05-27,1,DAIRY,367.0,2
2016-05-27,1,GROCERY I,1153.0,42
2016-05-28,1,BEVERAGES,1691.0,32
2016-05-28,1,DAIRY,602.0,2
2016-05-28,1,GROCERY I,1895.0,49
2016-05-29,1,BEVERAGES,868.0,25
2016-05-29,1,DAIRY,316.0,4
2016-05-29,1,GROCERY I,1008.0,29
2016-05-30,1,BEVERAGES,1992.0,33
2016-05-30,1,DAIRY,784.0,1
2016-05-30,1,GROCERY I,2756.0,59
2016-05-31,1,BEVERAGES,2183.0,39
2016-05-31,1,DAIRY,966.0,3
2016-05-31,1,GROCERY I,3496.0,77
2016-06-01,1,BEVERAGES,2199.0,37
2016-06-01,1,DAIRY,1007.0,3
2016-06-01,1,GROCERY I,3404.0,76
2016-06-02,1,BEVERAGES,1588.0,35
2016-06-02,1,DAIRY,805.0,2
2016-06-02,1,GROCERY I,2469.0,65
2016-06-03,1,BEVERAGES,2143.0,31
2016-06-03,1,DAIRY,833.0,0
2016-06-03,1,GROCERY I,3876.0,53
2016-06-04,1,BEVERAGES,2194.0,39
2016-06-04,1,DAIRY,828.0,1
2016-06-04,1,GROCERY I,2799.0,53
2016-06-05,1,BEVERAGES,1038.0,25
2016-06-05,1,DAIRY,391.0,1
2016-06-05,1,GROCERY I,1106.0,27
2016-06-06,1,BEVERAGES,2098.0,36
2016-06-06,1,DAIRY,801.0,2
2016-06-06,1,GROCERY I,2821.0,51
2016-06-07,1,BEVERAGES,1762.0,26
2016-06-07,1,DAIRY,671.0,2
2016-06-07,1,GROCERY I,2790.0,49
2016-06-08,1,BEVERAGES,1994.0,38
2016-06-08,1,DAIRY,886.0,4
2016-06-08,1,GROCERY I,3208.0,55
2016-06-09,1,BEVERAGES,1431.0,25
2016-06-09,1,DAIRY,675.0,4
2016-06-09,1,GROCERY I,2079.0,37
2016-06-10,1,BEVERAGES,2221.0,26
2016-06-10,1,DAIRY,848.0,3
2016-06-10,1,GROCERY I,2900.0,67
2016-06-11,1,BEVERAGES,2349.0,28
2016-06-11,1,DAIRY,800.0,4
2016-06-11,1,GROCERY I,2436.0,48
2016-06-12,1,BEVERAGES,973.0,22
2016-06-12,1,DAIRY,360.0,4
2016-06-12,1,GROCERY I,1184.0,30
2016-06-13,1,BEVERAGES,2311.0,33
2016-06-13,1,DAIRY,841.0,4
2016-06-13,1,GROCERY I,2374.0,46
2016-06-14,1,BEVERAGES,1708.0,21
2016-06-14,1,DAIRY,737.0,4
2016-06-14,1,GROCERY I,2301.0,41
2016-06-15,1,BEVERAGES,2052.0,27
2016-06-15,1,DAIRY,959.0,4
2016-06-15,1,GROCERY I,3015.0,65
2016-06-16,1,BEVERAGES,1705.0,23
2016-06-16,1,DAIRY,829.0,4
2016-06-16,1,GROCERY I,2370.0,46
2016-06-17,1,BEVERAGES,2209.0,26
2016-06-17,1,DAIRY,824.0,6
2016-06-17,1,GROCERY I,2624.0,62
2016-06-18,1,BEVERAGES,2104.0,27
2016-06-18,1,DAIRY,869.0,3
2016-06-18,1,GROCERY I,2823.0,51
2016-06-19,1,BEVERAGES,989.0,21
2016-06-19,1,DAIRY,435.0,2
2016-06-19,1,GROCERY I,1042.0,38
2016-06-20,1,BEVERAGES,2232.0,34
2016-06-20,1,DAIRY,822.0,3
2016-06-20,1,GROCERY I,2598.0,49
2016-06-21,1,BEVERAGES,1840.0,35
2016-06-21,1,DAIRY,729.0,4
2016-06-21,1,GROCERY I,2525.0,53
2016-06-22,1,BEVERAGES,2363.0,32
2016-06-22,1,DAIRY,1044.0,3
2016-06-22,1,GROCERY I,2685.0,67
2016-06-23,1,BEVERAGES,1729.0,6
2016-06-23,1,DAIRY,706.0,10
2016-06-23,1,GROCERY I,2330.0,47
2016-06-24,1,BEVERAGES,1862.0,6
2016-06-24,1,DAIRY,747.0,12
2016-06-24,1,GROCERY I,2550.0,53
2016-06-25,1,BEVERAGES,2060.0,6
2016-06-25,1,DAIRY,797.0,15
2016-06-25,1,GROCERY I,2529.0,52
2016-06-26,1,BEVERAGES,1103.0,5
2016-06-26,1,DAIRY,416.0,13
2016-06-26,1,GROCERY I,1216.0,40
2016-06-27,1,BEVERAGES,2377.0,6
2016-06-27,1,DAIRY,780.0,13
2016-06-27,1,GROCERY I,2390.0,47
2016-06-28,1,BEVERAGES,2353.0,5
2016-06-28,1,DAIRY,764.0,14
2016-06-28,1,GROCERY I,2987.0,42
2016-06-29,1,BEVERAGES,2009.0,5
2016-06-29,1,DAIRY,877.0,14
2016-06-29,1,GROCERY I,2596.0,45
2016-06-30,1,BEVERAGES,1631.0,8
2016-06-30,1,DAIRY,599.0,11
2016-06-30,1,GROCERY I,2155.0,49
2016-07-01,1,BEVERAGES,2298.0,8
2016-07-01,1,DAIRY,1013.0,8
2016-07-01,1,GROCERY I,3213.0,45
2016-07-02,1,BEVERAGES,2127.0,4
2016-07-02,1,DAIRY,762.0,7
2016-07-02,1,GROCERY I,2795.0,38
2016-07-03,1,BEVERAGES,973.0,7
2016-07-03,1,DAIRY,370.0,10
2016-07-03,1,GROCERY I,1263.0,27
2016-07-04,1,BEVERAGES,2033.0,8
2016-07-04,1,DAIRY,837.0,8
2016-07-04,1,GROCERY I,2946.0,48
2016-07-05,1,BEVERAGES,1941.0,13
2016-07-05,1,DAIRY,719.0,10
2016-07-05,1,GROCERY I,2479.0,45
2016-07-06,1,BEVERAGES,2400.0,29
2016-07-06,1,DAIRY,945.0,45
2016-07-06,1,GROCERY I,3117.0,68
2016-07-07,1,BEVERAGES,1697.0,15
2016-07-07,1,DAIRY,754.0,38
2016-07-07,1,GROCERY I,2325.0,41
2016-07-08,1,BEVERAGES,2322.0,13
2016-07-08,1,DAIRY,896.0,46
2016-07-08,1,GROCERY I,2807.0,38
2016-07-09,1,BEVERAGES,2089.0,16
2016-07-09,1,DAIRY,883.0,41
2016-07-09,1,GROCERY I,2196.0,34
2016-07-10,1,BEVERAGES,787.0,11
2016-07-10,1,DAIRY,343.0,30
2016-07-10,1,GROCERY I,1044.0,28
2016-07-11,1,BEVERAGES,2048.0,13
2016-07-11,1,DAIRY,702.0,49
2016-07-11,1,GROCERY I,2373.0,46
2016-07-12,1,BEVERAGES,1769.0,14
2016-07-12,1,DAIRY,751.0,45
2016-07-12,1,GROCERY I,2254.0,41
2016-07-13,1,BEVERAGES,2332.0,8
2016-07-13,1,DAIRY,930.0,16
2016-07-13,1,GROCERY I,2955.0,49
2016-07-14,1,BEVERAGES,1867.0,6
2016-07-14,1,DAIRY,636.0,3
2016-07-14,1,GROCERY I,2379.0,39
2016-07-15,1,BEVERAGES,2162.0,8
2016-07-15,1,DAIRY,845.0,10
2016-07-15,1,GROCERY I,3094.0,47
2016-07-16,1,BEVERAGES,2301.0,7
2016-07-16,1,DAIRY,819.0,6
2016-07-16,1,GROCERY I,2712.0,46
2016-07-17,1,BEVERAGES,982.0,5
2016-07-17,1,DAIRY,371.0,3
2016-07-17,1,GROCERY I,1070.0,29
2016-07-18,1,BEVERAGES,2066.0,9
2016-07-18,1,DAIRY,825.0,11
2016-07-18,1,GROCERY I,2540.0,35
2016-07-19,1,BEVERAGES,1875.0,6
2016-07-19,1,DAIRY,752.0,9
2016-07-19,1,GROCERY I,2457.0,39
2016-07-20,1,BEVERAGES,2086.0,9
2016-07-20,1,DAIRY,889.0,8
2016-07-20,1,GROCERY I,2843.0,52
2016-07-21,1,BEVERAGES,1763.0,6
2016-07-21,1,DAIRY,665.0,10
2016-07-21,1,GROCERY I,2365.0,40
2016-07-22,1,BEVERAGES,2250.0,12
2016-07-22,1,DAIRY,872.0,13
2016-07-22,1,GROCERY I,2755.0,41
2016-07-23,1,BEVERAGES,2025.0,6
2016-07-23,1,DAIRY,728.0,4
2016-07-23,1,GROCERY I,2329.0,35
2016-07-24,1,BEVERAGES,815.0,4
2016-07-24,1,DAIRY,326.0,6
2016-07-24,1,GROCERY I,1150.0,28
2016-07-25,1,BEVERAGES,1929.0,6
2016-07-25,1,DAIRY,678.0,6
2016-07-25,1,GROCERY I,2285.0,35
2016-07-26,1,BEVERAGES,1898.0,5
2016-07-26,1,DAIRY,687.0,6
2016-07-26,1,GROCERY I,2428.0,38
2016-07-27,1,BEVERAGES,2166.0,0
2016-07-27,1,DAIRY,885.0,0
2016-07-27,1,GROCERY I,2842.0,0
2016-07-28,1,BEVERAGES,1742.0,9
2016-07-28,1,DAIRY,665.0,9
2016-07-28,1,GROCERY I,2275.0,37
2016-07-29,1,BEVERAGES,1671.0,6
2016-07-29,1,DAIRY,687.0,7
2016-07-29,1,GROCERY I,2243.0,41
2016-07-30,1,BEVERAGES,2286.0,9
2016-07-30,1,DAIRY,894.0,5
2016-07-30,1,GROCERY I,2697.0,46
2016-07-31,1,BEVERAGES,858.0,4
2016-07-31,1,DAIRY,328.0,4
2016-07-31,1,GROCERY I,1047.0,27
2016-08-01,1,BEVERAGES,2418.0,10
2016-08-01,1,DAIRY,823.0,4
2016-08-01,1,GROCERY I,3121.0,35
2016-08-02,1,BEVERAGES,1859.0,12
2016-08-02,1,DAIRY,704.0,2
2016-08-02,1,GROCERY I,2577.0,37
2016-08-03,1,BEVERAGES,2411.0,16
2016-08-03,1,DAIRY,940.0,4
2016-08-03,1,GROCERY I,3139.0,32
2016-08-04,1,BEVERAGES,1741.0,24
2016-08-04,1,DAIRY,656.0,7
2016-08-04,1,GROCERY I,2435.0,17
2016-08-05,1,BEVERAGES,2349.0,33
2016-08-05,1,DAIRY,770.0,5
2016-08-05,1,GROCERY I,2845.0,24
2016-08-06,1,BEVERAGES,2206.0,24
2016-08-06,1,DAIRY,713.0,4
2016-08-06,1,GROCERY I,2304.0,17
2016-08-07,1,BEVERAGES,873.0,20
2016-08-07,1,DAIRY,316.0,3
2016-08-07,1,GROCERY I,917.0,18
2016-08-08,1,BEVERAGES,2168.0,28
2016-08-08,1,DAIRY,825.0,9
2016-08-08,1,GROCERY I,2684.0,20
2016-08-09,1,BEVERAGES,2102.0,37
2016-08-09,1,DAIRY,782.0,12
2016-08-09,1,GROCERY I,2486.0,27
2016-08-10,1,BEVERAGES,2135.0,25
2016-08-10,1,DAIRY,957.0,9
2016-08-10,1,GROCERY I,2374.0,22
2016-08-11,1,BEVERAGES,2017.0,22
2016-08-11,1,DAIRY,603.0,7
2016-08-11,1,GROCERY I,2511.0,20
2016-08-12,1,BEVERAGES,1038.0,24
2016-08-12,1,DAIRY,377.0,3
2016-08-12,1,GROCERY I,1055.0,17
2016-08-13,1,BEVERAGES,1613.0,29
2016-08-13,1,DAIRY,559.0,4
2016-08-13,1,GROCERY I,1621.0,18
2016-08-14,1,BEVERAGES,743.0,14
2016-08-14,1,DAIRY,270.0,3
2016-08-14,1,GROCERY I,728.0,14
2016-08-15,1,BEVERAGES,2420.0,37
2016-08-15,1,DAIRY,849.0,8
2016-08-15,1,GROCERY I,3181.0,24
2016-08-16,1,BEVERAGES,2010.0,23
2016-08-16,1,DAIRY,717.0,13
2016-08-16,1,GROCERY I,2436.0,22
2016-08-17,1,BEVERAGES,2346.0,34
2016-08-17,1,DAIRY,897.0,13
2016-08-17,1,GROCERY I,2422.0,24
2016-08-18,1,BEVERAGES,1907.0,24
2016-08-18,1,DAIRY,664.0,10
2016-08-18,1,GROCERY I,2201.0,20
2016-08-19,1,BEVERAGES,2218.0,26
2016-08-19,1,DAIRY,698.0,11
2016-08-19,1,GROCERY I,2538.0,23
2016-08-20,1,BEVERAGES,2103.0,30
2016-08-20,1,DAIRY,771.0,7
2016-08-20,1,GROCERY I,2308.0,26
2016-08-21,1,BEVERAGES,893.0,22
2016-08-21,1,DAIRY,299.0,2
2016-08-21,1,GROCERY I,969.0,17
2016-08-22,1,BEVERAGES,2176.0,31
2016-08-22,1,DAIRY,729.0,10
2016-08-22,1,GROCERY I,2360.0,21
2016-08-23,1,BEVERAGES,2123.0,37
2016-08-23,1,DAIRY,676.0,13
2016-08-23,1,GROCERY I,2545.0,29
2016-08-24,1,BEVERAGES,2151.0,27
2016-08-24,1,DAIRY,862.0,11
2016-08-24,1,GROCERY I,2886.0,32
2016-08-25,1,BEVERAGES,1820.0,12
2016-08-25,1,DAIRY,613.0,7
2016-08-25,1,GROCERY I,1999.0,21
2016-08-26,1,BEVERAGES,2030.0,17
2016-08-26,1,DAIRY,748.0,7
2016-08-26,1,GROCERY I,2419.0,31
2016-08-27,1,BEVERAGES,2112.0,14
2016-08-27,1,DAIRY,720.0,7
2016-08-27,1,GROCERY I,2141.0,19
2016-08-28,1,BEVERAGES,944.0,10
2016-08-28,1,DAIRY,349.0,4
2016-08-28,1,GROCERY I,1045.0,20
2016-08-29,1,BEVERAGES,1925.0,14
2016-08-29,1,DAIRY,697.0,5
2016-08-29,1,GROCERY I,2280.0,27
2016-08-30,1,BEVERAGES,1990.0,15
2016-08-30,1,DAIRY,628.0,6
2016-08-30,1,GROCERY I,2337.0,28
2016-08-31,1,BEVERAGES,2169.0,17
2016-08-31,1,DAIRY,882.0,6
2016-08-31,1,GROCERY I,2903.0,32
2016-09-01,1,BEVERAGES,2224.0,12
2016-09-01,1,DAIRY,799.0,7
2016-09-01,1,GROCERY I,2935.0,22
2016-09-02,1,BEVERAGES,2418.0,11
2016-09-02,1,DAIRY,826.0,5
2016-09-02,1,GROCERY I,2798.0,18
2016-09-03,1,BEVERAGES,2167.0,11
2016-09-03,1,DAIRY,848.0,5
2016-09-03,1,GROCERY I,2534.0,21
2016-09-04,1,BEVERAGES,921.0,7
2016-09-04,1,DAIRY,399.0,2
2016-09-04,1,GROCERY I,1282.0,7
2016-09-05,1,BEVERAGES,2240.0,13
2016-09-05,1,DAIRY,758.0,3
2016-09-05,1,GROCERY I,2432.0,16
2016-09-06,1,BEVERAGES,2391.0,13
2016-09-06,1,DAIRY,751.0,4
2016-09-06,1,GROCERY I,2943.0,17
2016-09-07,1,BEVERAGES,2060.0,10
2016-09-07,1,DAIRY,859.0,5
2016-09-07,1,GROCERY I,2646.0,26
2016-09-08,1,BEVERAGES,1946.0,8
2016-09-08,1,DAIRY,734.0,4
2016-09-08,1,GROCERY I,2380.0,21
2016-09-09,1,BEVERAGES,2451.0,14
2016-09-09,1,DAIRY,810.0,5
2016-09-09,1,GROCERY I,2604.0,25
2016-09-10,1,BEVERAGES,2251.0,8
2016-09-10,1,DAIRY,820.0,3
2016-09-10,1,GROCERY I,2370.0,19
2016-09-11,1,BEVERAGES,864.0,2
2016-09-11,1,DAIRY,297.0,3
2016-09-11,1,GROCERY I,1059.0,11
2016-09-12,1,BEVERAGES,2453.0,10
2016-09-12,1,DAIRY,855.0,6
2016-09-12,1,GROCERY I,2664.0,18
2016-09-13,1,BEVERAGES,1942.0,0
2016-09-13,1,DAIRY,703.0,0
2016-09-13,1,GROCERY I,2623.0,0
2016-09-14,1,BEVERAGES,1992.0,6
2016-09-14,1,DAIRY,773.0,5
2016-09-14,1,GROCERY I,2597.0,23
2016-09-15,1,BEVERAGES,1766.0,44
2016-09-15,1,DAIRY,674.0,3
2016-09-15,1,GROCERY I,2290.0,28
2016-09-16,1,BEVERAGES,2414.0,46
2016-09-16,1,DAIRY,834.0,0
2016-09-16,1,GROCERY I,2625.0,28
2016-09-17,1,BEVERAGES,2521.0,54
2016-09-17,1,DAIRY,789.0,0
2016-09-17,1,GROCERY I,2645.0,27
2016-09-18,1,BEVERAGES,1177.0,40
2016-09-18,1,DAIRY,419.0,0
2016-09-18,1,GROCERY I,1200.0,16
2016-09-19,1,BEVERAGES,2342.0,48
2016-09-19,1,DAIRY,751.0,3
2016-09-19,1,GROCERY I,2558.0,25
2016-09-20,1,BEVERAGES,2194.0,54
2016-09-20,1,DAIRY,758.0,3
2016-09-20,1,GROCERY I,2492.0,28
2016-09-21,1,BEVERAGES,2159.0,57
2016-09-21,1,DAIRY,895.0,3
2016-09-21,1,GROCERY I,2753.0,25
2016-09-22,1,BEVERAGES,1883.0,50
2016-09-22,1,DAIRY,623.0,1
2016-09-22,1,GROCERY I,2323.0,20
2016-09-23,1,BEVERAGES,2269.0,53
2016-09-23,1,DAIRY,737.0,3
2016-09-23,1,GROCERY I,2391.0,28
2016-09-24,1,BEVERAGES,2340.0,58
2016-09-24,1,DAIRY,793.0,3
2016-09-24,1,GROCERY I,2496.0,24
2016-09-25,1,BEVERAGES,1121.0,42
2016-09-25,1,DAIRY,382.0,2
2016-09-25,1,GROCERY I,1030.0,14
2016-09-26,1,BEVERAGES,1957.0,56
2016-09-26,1,DAIRY,750.0,4
2016-09-26,1,GROCERY I,2161.0,23
2016-09-27,1,BEVERAGES,2009.0,55
2016-09-27,1,DAIRY,665.0,4
2016-09-27,1,GROCERY I,2255.0,25
2016-09-28,1,BEVERAGES,2379.0,51
2016-09-28,1,DAIRY,932.0,3
2016-09-28,1,GROCERY I,2735.0,23
2016-09-29,1,BEVERAGES,1805.0,53
2016-09-29,1,DAIRY,539.0,2
2016-09-29,1,GROCERY I,2131.0,24
2016-09-30,1,BEVERAGES,2028.0,54
2016-09-30,1,DAIRY,740.0,4
2016-09-30,1,GROCERY I,2579.0,29
2016-10-01,1,BEVERAGES,2799.0,55
2016-10-01,1,DAIRY,1004.0,5
2016-10-01,1,GROCERY I,3369.0,25
2016-10-02,1,BEVERAGES,1277.0,43
2016-10-02,1,DAIRY,416.0,4
2016-10-02,1,GROCERY I,1532.0,16
2016-10-03,1,BEVERAGES,2762.0,55
2016-10-03,1,DAIRY,835.0,4
2016-10-03,1,GROCERY I,2982.0,26
2016-10-04,1,BEVERAGES,2624.0,51
2016-10-04,1,DAIRY,806.0,3
2016-10-04,1,GROCERY I,2750.0,27
2016-10-05,1,BEVERAGES,2573.0,54
2016-10-05,1,DAIRY,924.0,4
2016-10-05,1,GROCERY I,3834.0,35
2016-10-06,1,BEVERAGES,2342.0,4
2016-10-06,1,DAIRY,691.0,9
2016-10-06,1,GROCERY I,2458.0,42
2016-10-07,1,BEVERAGES,2081.0,6
2016-10-07,1,DAIRY,793.0,12
2016-10-07,1,GROCERY I,2592.0,45
2016-10-08,1,BEVERAGES,2279.0,6
2016-10-08,1,DAIRY,880.0,12
2016-10-08,1,GROCERY I,2615.0,40
2016-10-09,1,BEVERAGES,1221.0,3
2016-10-09,1,DAIRY,438.0,9
2016-10-09,1,GROCERY I,1361.0,37
2016-10-10,1,BEVERAGES,2206.0,5
2016-10-10,1,DAIRY,729.0,12
2016-10-10,1,GROCERY I,2535.0,47
2016-10-11,1,BEVERAGES,1812.0,7
2016-10-11,1,DAIRY,693.0,11
2016-10-11,1,GROCERY I,2390.0,44
2016-10-12,1,BEVERAGES,2584.0,8
2016-10-12,1,DAIRY,994.0,12
2016-10-12,1,GROCERY I,2722.0,48
2016-10-13,1,BEVERAGES,1664.0,5
2016-10-13,1,DAIRY,693.0,10
2016-10-13,1,GROCERY I,2093.0,41
2016-10-14,1,BEVERAGES,2647.0,11
2016-10-14,1,DAIRY,940.0,11
2016-10-14,1,GROCERY I,2637.0,53
2016-10-15,1,BEVERAGES,2212.0,9
2016-10-15,1,DAIRY,787.0,12
2016-10-15,1,GROCERY I,2562.0,44
2016-10-16,1,BEVERAGES,1454.0,5
2016-10-16,1,DAIRY,430.0,11
2016-10-16,1,GROCERY I,1494.0,35
2016-10-17,1,BEVERAGES,2490.0,7
2016-10-17,1,DAIRY,792.0,10
2016-10-17,1,GROCERY I,2605.0,47
2016-10-18,1,BEVERAGES,1895.0,9
2016-10-18,1,DAIRY,706.0,9
2016-10-18,1,GROCERY I,2443.0,46
2016-10-19,1,BEVERAGES,2563.0,8
2016-10-19,1,DAIRY,958.0,10
2016-10-19,1,GROCERY I,2788.0,51
2016-10-20,1,BEVERAGES,2176.0,8
2016-10-20,1,DAIRY,683.0,9
2016-10-20,1,GROCERY I,2445.0,41
2016-10-21,1,BEVERAGES,2469.0,14
2016-10-21,1,DAIRY,771.0,8
2016-10-21,1,GROCERY I,2438.0,47
2016-10-22,1,BEVERAGES,2570.0,17
2016-10-22,1,DAIRY,853.0,7
2016-10-22,1,GROCERY I,2755.0,43
2016-10-23,1,BEVERAGES,1106.0,10
2016-10-23,1,DAIRY,401.0,6
2016-10-23,1,GROCERY I,1360.0,29
2016-10-24,1,BEVERAGES,1783.0,15
2016-10-24,1,DAIRY,755.0,9
2016-10-24,1,GROCERY I,2455.0,41
2016-10-25,1,BEVERAGES,2090.0,15
2016-10-25,1,DAIRY,803.0,9
2016-10-25,1,GROCERY I,2783.0,37
2016-10-26,1,BEVERAGES,2032.0,47
2016-10-26,1,DAIRY,884.0,21
2016-10-26,1,GROCERY I,2785.0,97
2016-10-27,1,BEVERAGES,2143.0,42
2016-10-27,1,DAIRY,756.0,19
2016-10-27,1,GROCERY I,2633.0,69
2016-10-28,1,BEVERAGES,2576.0,38
2016-10-28,1,DAIRY,863.0,20
2016-10-28,1,GROCERY I,2854.0,73
2016-10-29,1,BEVERAGES,2574.0,45
2016-10-29,1,DAIRY,770.0,23
2016-10-29,1,GROCERY I,2652.0,75
2016-10-30,1,BEVERAGES,1059.0,36
2016-10-30,1,DAIRY,388.0,17
2016-10-30,1,GROCERY I,1364.0,57
2016-10-31,1,BEVERAGES,1777.0,45
2016-10-31,1,DAIRY,539.0,21
2016-10-31,1,GROCERY I,2332.0,72
2016-11-01,1,BEVERAGES,3009.0,45
2016-11-01,1,DAIRY,799.0,25
2016-11-01,1,GROCERY I,4118.0,63
2016-11-02,1,BEVERAGES,873.0,43
2016-11-02,1,DAIRY,307.0,17
2016-11-02,1,GROCERY I,1074.0,59
2016-11-03,1,BEVERAGES,739.0,36
2016-11-03,1,DAIRY,283.0,21
2016-11-03,1,GROCERY I,888.0,48
2016-11-04,1,BEVERAGES,1637.0,52
2016-11-04,1,DAIRY,542.0,27
2016-11-04,1,GROCERY I,1686.0,71
2016-11-05,1,BEVERAGES,1839.0,42
2016-11-05,1,DAIRY,549.0,24
2016-11-05,1,GROCERY I,1860.0,63
2016-11-06,1,BEVERAGES,1054.0,43
2016-11-06,1,DAIRY,335.0,22
2016-11-06,1,GROCERY I,1142.0,57
2016-11-07,1,BEVERAGES,2538.0,42
2016-11-07,1,DAIRY,880.0,28
2016-11-07,1,GROCERY I,3004.0,71
2016-11-08,1,BEVERAGES,2542.0,46
2016-11-08,1,DAIRY,809.0,25
2016-11-08,1,GROCERY I,2966.0,73
2016-11-09,1,BEVERAGES,3557.0,48
2016-11-09,1,DAIRY,1161.0,32
2016-11-09,1,GROCERY I,4669.0,94
2016-11-10,1,BEVERAGES,2251.0,50
2016-11-10,1,DAIRY,702.0,27
2016-11-10,1,GROCERY I,2466.0,83
2016-11-11,1,BEVERAGES,2351.0,43
2016-11-11,1,DAIRY,804.0,28
2016-11-11,1,GROCERY I,2660.0,83
2016-11-12,1,BEVERAGES,2626.0,41
2016-11-12,1,DAIRY,857.0,29
2016-11-12,1,GROCERY I,2753.0,75
2016-11-13,1,BEVERAGES,1221.0,34
2016-11-13,1,DAIRY,391.0,24
2016-11-13,1,GROCERY I,1353.0,62
2016-11-14,1,BEVERAGES,2354.0,42
2016-11-14,1,DAIRY,831.0,24
2016-11-14,1,GROCERY I,3061.0,90
2016-11-15,1,BEVERAGES,2231.0,40
2016-11-15,1,DAIRY,862.0,29
2016-11-15,1,GROCERY I,2802.0,69
2016-11-16,1,BEVERAGES,2818.0,55
2016-11-16,1,DAIRY,936.0,39
2016-11-16,1,GROCERY I,2999.0,127
2016-11-17,1,BEVERAGES,2293.0,49
2016-11-17,1,DAIRY,685.0,17
2016-11-17,1,GROCERY I,2545.0,90
2016-11-18,1,BEVERAGES,2229.0,45
2016-11-18,1,DAIRY,845.0,17
2016-11-18,1,GROCERY I,2998.0,90
2016-11-19,1,BEVERAGES,2723.0,50
2016-11-19,1,DAIRY,881.0,18
2016-11-19,1,GROCERY I,2850.0,92
2016-11-20,1,BEVERAGES,1293.0,40
2016-11-20,1,DAIRY,389.0,12
2016-11-20,1,GROCERY I,1213.0,71
2016-11-21,1,BEVERAGES,2489.0,56
2016-11-21,1,DAIRY,952.0,19
2016-11-21,1,GROCERY I,3097.0,92
2016-11-22,1,BEVERAGES,2074.0,52
2016-11-22,1,DAIRY,707.0,17
2016-11-22,1,GROCERY I,2690.0,88
2016-11-23,1,BEVERAGES,2385.0,63
2016-11-23,1,DAIRY,983.0,23
2016-11-23,1,GROCERY I,3054.0,103
2016-11-24,1,BEVERAGES,2126.0,65
2016-11-24,1,DAIRY,653.0,18
2016-11-24,1,GROCERY I,2410.0,91
2016-11-25,1,BEVERAGES,2665.0,64
2016-11-25,1,DAIRY,711.0,19
2016-11-25,1,GROCERY I,2652.0,90
2016-11-26,1,BEVERAGES,2669.0,57
2016-11-26,1,DAIRY,809.0,20
2016-11-26,1,GROCERY I,2550.0,90
2016-11-27,1,BEVERAGES,1044.0,51
2016-11-27,1,DAIRY,350.0,15
2016-11-27,1,GROCERY I,1210.0,78
2016-11-28,1,BEVERAGES,2655.0,64
2016-11-28,1,DAIRY,883.0,20
2016-11-28,1,GROCERY I,3013.0,88
2016-11-29,1,BEVERAGES,2239.0,49
2016-11-29,1,DAIRY,740.0,15
2016-11-29,1,GROCERY I,2584.0,85
2016-11-30,1,BEVERAGES,3301.0,68
2016-11-30,1,DAIRY,884.0,23
2016-11-30,1,GROCERY I,3032.0,92
2016-12-01,1,BEVERAGES,2647.0,63
2016-12-01,1,DAIRY,844.0,21
2016-12-01,1,GROCERY I,2663.0,108
2016-12-02,1,BEVERAGES,3314.0,65
2016-12-02,1,DAIRY,915.0,20
2016-12-02,1,GROCERY I,4522.0,101
2016-12-03,1,BEVERAGES,2594.0,65
2016-12-03,1,DAIRY,756.0,19
2016-12-03,1,GROCERY I,2767.0,91
2016-12-04,1,BEVERAGES,1316.0,51
2016-12-04,1,DAIRY,435.0,12
2016-12-04,1,GROCERY I,1581.0,85
2016-12-05,1,BEVERAGES,2496.0,61
2016-12-05,1,DAIRY,655.0,20
2016-12-05,1,GROCERY I,2852.0,93
2016-12-06,1,BEVERAGES,1037.0,51
2016-12-06,1,DAIRY,313.0,12
2016-12-06,1,GROCERY I,1177.0,78
2016-12-07,1,BEVERAGES,3078.0,84
2016-12-07,1,DAIRY,969.0,29
2016-12-07,1,GROCERY I,3695.0,167
2016-12-08,1,BEVERAGES,2378.0,55
2016-12-08,1,DAIRY,740.0,19
2016-12-08,1,GROCERY I,3099.0,117
2016-12-09,1,BEVERAGES,2741.0,58
2016-12-09,1,DAIRY,846.0,20
2016-12-09,1,GROCERY I,4320.0,114
2016-12-10,1,BEVERAGES,2677.0,60
2016-12-10,1,DAIRY,758.0,21
2016-12-10,1,GROCERY I,2972.0,105
2016-12-11,1,BEVERAGES,1181.0,47
2016-12-11,1,DAIRY,359.0,19
2016-12-11,1,GROCERY I,1417.0,92
2016-12-12,1,BEVERAGES,2701.0,61
2016-12-12,1,DAIRY,764.0,20
2016-12-12,1,GROCERY I,2991.0,114
2016-12-13,1,BEVERAGES,3153.0,53
2016-12-13,1,DAIRY,781.0,22
2016-12-13,1,GROCERY I,4624.0,108
2016-12-14,1,BEVERAGES,2422.0,60
2016-12-14,1,DAIRY,836.0,22
2016-12-14,1,GROCERY I,4394.0,109
2016-12-15,1,BEVERAGES,2320.0,60
2016-12-15,1,DAIRY,835.0,19
2016-12-15,1,GROCERY I,3410.0,109
2016-12-16,1,BEVERAGES,2312.0,62
2016-12-16,1,DAIRY,886.0,21
2016-12-16,1,GROCERY I,3481.0,105
2016-12-17,1,BEVERAGES,2717.0,57
2016-12-17,1,DAIRY,832.0,22
2016-12-17,1,GROCERY I,3451.0,113
2016-12-18,1,BEVERAGES,1651.0,52
2016-12-18,1,DAIRY,531.0,18
2016-12-18,1,GROCERY I,2044.0,104
2016-12-19,1,BEVERAGES,3278.0,61
2016-12-19,1,DAIRY,864.0,17
2016-12-19,1,GROCERY I,3872.0,118
2016-12-20,1,BEVERAGES,2768.0,68
2016-12-20,1,DAIRY,924.0,27
2016-12-20,1,GROCERY I,4080.0,123
2016-12-21,1,BEVERAGES,3146.0,61
2016-12-21,1,DAIRY,1062.0,28
2016-12-21,1,GROCERY I,5162.0,116
2016-12-22,1,BEVERAGES,2574.0,63
2016-12-22,1,DAIRY,985.0,22
2016-12-22,1,GROCERY I,5055.0,116
2016-12-23,1,BEVERAGES,2996.0,57
2016-12-23,1,DAIRY,1225.0,28
2016-12-23,1,GROCERY I,5386.0,125
2016-12-24,1,BEVERAGES,2576.0,56
2016-12-24,1,DAIRY,934.0,23
2016-12-24,1,GROCERY I,3609.0,103
2016-12-26,1,BEVERAGES,696.0,39
2016-12-26,1,DAIRY,257.0,19
2016-12-26,1,GROCERY I,904.0,80
2016-12-27,1,BEVERAGES,2379.0,56
2016-12-27,1,DAIRY,835.0,23
2016-12-27,1,GROCERY I,3156.0,101
2016-12-28,1,BEVERAGES,2284.0,58
2016-12-28,1,DAIRY,712.0,30
2016-12-28,1,GROCERY I,2761.0,105
2016-12-29,1,BEVERAGES,2054.0,51
2016-12-29,1,DAIRY,652.0,24
2016-12-29,1,GROCERY I,2573.0,101
2016-12-30,1,BEVERAGES,2581.0,49
2016-12-30,1,DAIRY,882.0,23
2016-12-30,1,GROCERY I,3292.0,103
2016-12-31,1,BEVERAGES,2318.0,53
2016-12-31,1,DAIRY,631.0,24
2016-12-31,1,GROCERY I,2768.0,107
2017-01-01,1,BEVERAGES,0.0,0
2017-01-01,1,DAIRY,0.0,0
2017-01-01,1,GROCERY I,0.0,0
2017-01-02,1,BEVERAGES,1434.0,31
2017-01-02,1,DAIRY,376.0,11
2017-01-02,1,GROCERY I,1218.0,55
2017-01-03,1,BEVERAGES,3081.0,42
2017-01-03,1,DAIRY,1045.0,14
2017-01-03,1,GROCERY I,3507.0,78
2017-01-04,1,BEVERAGES,3039.0,54
2017-01-04,1,DAIRY,1029.0,32
2017-01-04,1,GROCERY I,3665.0,109
2017-01-05,1,BEVERAGES,2617.0,32
2017-01-05,1,DAIRY,853.0,24
2017-01-05,1,GROCERY I,3085.0,49
2017-01-06,1,BEVERAGES,2761.0,39
2017-01-06,1,DAIRY,927.0,27
2017-01-06,1,GROCERY I,3012.0,62
2017-01-07,1,BEVERAGES,2503.0,30
2017-01-07,1,DAIRY,836.0,24
2017-01-07,1,GROCERY I,2898.0,49
2017-01-08,1,BEVERAGES,1356.0,32
2017-01-08,1,DAIRY,447.0,19
2017-01-08,1,GROCERY I,1426.0,43
2017-01-09,1,BEVERAGES,4100.0,34
2017-01-09,1,DAIRY,853.0,26
2017-01-09,1,GROCERY I,2850.0,50
2017-01-10,1,BEVERAGES,2370.0,35
2017-01-10,1,DAIRY,923.0,25
2017-01-10,1,GROCERY I,2939.0,52
2017-01-11,1,BEVERAGES,2607.0,35
2017-01-11,1,DAIRY,958.0,26
2017-01-11,1,GROCERY I,3265.0,48
2017-01-12,1,BEVERAGES,2430.0,31
2017-01-12,1,DAIRY,674.0,25
2017-01-12,1,GROCERY I,2736.0,51
2017-01-13,1,BEVERAGES,2784.0,43
2017-01-13,1,DAIRY,841.0,28
2017-01-13,1,GROCERY I,3014.0,65
2017-01-14,1,BEVERAGES,2978.0,41
2017-01-14,1,DAIRY,903.0,28
2017-01-14,1,GROCERY I,2905.0,54
2017-01-15,1,BEVERAGES,1342.0,36
2017-01-15,1,DAIRY,466.0,19
2017-01-15,1,GROCERY I,1410.0,50
2017-01-16,1,BEVERAGES,2609.0,41
2017-01-16,1,DAIRY,782.0,18
2017-01-16,1,GROCERY I,2719.0,49
2017-01-17,1,BEVERAGES,2762.0,41
2017-01-17,1,DAIRY,819.0,24
2017-01-17,1,GROCERY I,3896.0,63
2017-01-18,1,BEVERAGES,2746.0,41
2017-01-18,1,DAIRY,926.0,29
2017-01-18,1,GROCERY I,3068.0,59
2017-01-19,1,BEVERAGES,2399.0,40
2017-01-19,1,DAIRY,811.0,24
2017-01-19,1,GROCERY I,2395.0,48
2017-01-20,1,BEVERAGES,1924.0,39
2017-01-20,1,DAIRY,688.0,22
2017-01-20,1,GROCERY I,2523.0,48
2017-01-21,1,BEVERAGES,2963.0,40
2017-01-21,1,DAIRY,918.0,21
2017-01-21,1,GROCERY I,3212.0,51
2017-01-22,1,BEVERAGES,1083.0,32
2017-01-22,1,DAIRY,349.0,18
2017-01-22,1,GROCERY I,1190.0,33
2017-01-23,1,BEVERAGES,3075.0,39
2017-01-23,1,DAIRY,956.0,22
2017-01-23,1,GROCERY I,3208.0,49
2017-01-24,1,BEVERAGES,2499.0,40
2017-01-24,1,DAIRY,744.0,20
2017-01-24,1,GROCERY I,2657.0,56
2017-01-25,1,BEVERAGES,2498.0,44
2017-01-25,1,DAIRY,930.0,30
2017-01-25,1,GROCERY I,2830.0,56
2017-01-26,1,BEVERAGES,1829.0,26
2017-01-26,1,DAIRY,719.0,17
2017-01-26,1,GROCERY I,2524.0,23
2017-01-27,1,BEVERAGES,2301.0,32
2017-01-27,1,DAIRY,810.0,18
2017-01-27,1,GROCERY I,3039.0,31
2017-01-28,1,BEVERAGES,2662.0,30
2017-01-28,1,DAIRY,881.0,18
2017-01-28,1,GROCERY I,2792.0,29
2017-01-29,1,BEVERAGES,1059.0,16
2017-01-29,1,DAIRY,329.0,15
2017-01-29,1,GROCERY I,1354.0,23
2017-01-30,1,BEVERAGES,1986.0,30
2017-01-30,1,DAIRY,841.0,19
2017-01-30,1,GROCERY I,2792.0,27
2017-01-31,1,BEVERAGES,1965.0,26
2017-01-31,1,DAIRY,749.0,17
2017-01-31,1,GROCERY I,2463.0,32
2017-02-01,1,BEVERAGES,2399.0,28
2017-02-01,1,DAIRY,937.0,17
2017-02-01,1,GROCERY I,3307.0,57
2017-02-02,1,BEVERAGES,2257.0,18
2017-02-02,1,DAIRY,768.0,17
2017-02-02,1,GROCERY I,2807.0,27
2017-02-03,1,BEVERAGES,2236.0,20
2017-02-03,1,DAIRY,875.0,16
2017-02-03,1,GROCERY I,3091.0,35
2017-02-04,1,BEVERAGES,2737.0,24
2017-02-04,1,DAIRY,890.0,18
2017-02-04,1,GROCERY I,3198.0,44
2017-02-05,1,BEVERAGES,1063.0,20
2017-02-05,1,DAIRY,380.0,16
2017-02-05,1,GROCERY I,1256.0,45
2017-02-06,1,BEVERAGES,2238.0,19
2017-02-06,1,DAIRY,768.0,16
2017-02-06,1,GROCERY I,2561.0,37
2017-02-07,1,BEVERAGES,2169.0,23
2017-02-07,1,DAIRY,839.0,18
2017-02-07,1,GROCERY I,2842.0,49
2017-02-08,1,BEVERAGES,2523.0,32
2017-02-08,1,DAIRY,871.0,24
2017-02-08,1,GROCERY I,2993.0,68
2017-02-09,1,BEVERAGES,2112.0,12
2017-02-09,1,DAIRY,733.0,14
2017-02-09,1,GROCERY I,2638.0,35
2017-02-10,1,BEVERAGES,2466.0,11
2017-02-10,1,DAIRY,804.0,17
2017-02-10,1,GROCERY I,3484.0,39
2017-02-11,1,BEVERAGES,2596.0,11
2017-02-11,1,DAIRY,850.0,19
2017-02-11,1,GROCERY I,2885.0,41
2017-02-12,1,BEVERAGES,1147.0,11
2017-02-12,1,DAIRY,374.0,15
2017-02-12,1,GROCERY I,1210.0,30
2017-02-13,1,BEVERAGES,2449.0,16
2017-02-13,1,DAIRY,945.0,19
2017-02-13,1,GROCERY I,3257.0,37
2017-02-14,1,BEVERAGES,2105.0,13
2017-02-14,1,DAIRY,762.0,19
2017-02-14,1,GROCERY I,2848.0,26
2017-02-15,1,BEVERAGES,2141.0,17
2017-02-15,1,DAIRY,863.0,25
2017-02-15,1,GROCERY I,2740.0,51
2017-02-16,1,BEVERAGES,1866.0,13
2017-02-16,1,DAIRY,725.0,14
2017-02-16,1,GROCERY I,2643.0,53
2017-02-17,1,BEVERAGES,2286.0,16
2017-02-17,1,DAIRY,840.0,15
2017-02-17,1,GROCERY I,2946.0,53
2017-02-18,1,BEVERAGES,2906.0,16
2017-02-18,1,DAIRY,963.0,15
2017-02-18,1,GROCERY I,3462.0,54
2017-02-19,1,BEVERAGES,1019.0,16
2017-02-19,1,DAIRY,366.0,14
2017-02-19,1,GROCERY I,1079.0,37
2017-02-20,1,BEVERAGES,2248.0,17
2017-02-20,1,DAIRY,742.0,13
2017-02-20,1,GROCERY I,2697.0,54
2017-02-21,1,BEVERAGES,2419.0,19
2017-02-21,1,DAIRY,780.0,15
2017-02-21,1,GROCERY I,2831.0,57
2017-02-22,1,BEVERAGES,2075.0,17
2017-02-22,1,DAIRY,766.0,15
2017-02-22,1,GROCERY I,3362.0,69
2017-02-23,1,BEVERAGES,1923.0,13
2017-02-23,1,DAIRY,738.0,14
2017-02-23,1,GROCERY I,2983.0,69
2017-02-24,1,BEVERAGES,2508.0,14
2017-02-24,1,DAIRY,791.0,13
2017-02-24,1,GROCERY I,3120.0,66
2017-02-25,1,BEVERAGES,2198.0,15
2017-02-25,1,DAIRY,705.0,13
2017-02-25,1,GROCERY I,2741.0,67
2017-02-26,1,BEVERAGES,690.0,9
2017-02-26,1,DAIRY,227.0,13
2017-02-26,1,GROCERY I,927.0,50
2017-02-27,1,BEVERAGES,669.0,11
2017-02-27,1,DAIRY,183.0,9
2017-02-27,1,GROCERY I,762.0,52
2017-02-28,1,BEVERAGES,1059.0,11
2017-02-28,1,DAIRY,361.0,8
2017-02-28,1,GROCERY I,1392.0,53
2017-03-01,1,BEVERAGES,3343.0,25
2017-03-01,1,DAIRY,1162.0,31
2017-03-01,1,GROCERY I,3628.0,71
2017-03-02,1,BEVERAGES,2519.0,20
2017-03-02,1,DAIRY,848.0,31
2017-03-02,1,GROCERY I,3323.0,52
2017-03-03,1,BEVERAGES,2536.0,13
2017-03-03,1,DAIRY,890.0,31
2017-03-03,1,GROCERY I,3391.0,56
2017-03-04,1,BEVERAGES,2577.0,18
2017-03-04,1,DAIRY,898.0,32
2017-03-04,1,GROCERY I,3002.0,55
2017-03-05,1,BEVERAGES,1039.0,12
2017-03-05,1,DAIRY,345.0,23
2017-03-05,1,GROCERY I,1337.0,41
2017-03-06,1,BEVERAGES,1898.0,14
2017-03-06,1,DAIRY,785.0,27
2017-03-06,1,GROCERY I,2819.0,39
2017-03-07,1,BEVERAGES,2625.0,9
2017-03-07,1,DAIRY,748.0,30
2017-03-07,1,GROCERY I,4917.0,41
2017-03-08,1,BEVERAGES,2266.0,12
2017-03-08,1,DAIRY,854.0,32
2017-03-08,1,GROCERY I,3218.0,40
2017-03-09,1,BEVERAGES,2084.0,25
2017-03-09,1,DAIRY,721.0,27
2017-03-09,1,GROCERY I,2700.0,28
2017-03-10,1,BEVERAGES,2418.0,29
2017-03-10,1,DAIRY,858.0,29
2017-03-10,1,GROCERY I,2966.0,28
2017-03-11,1,BEVERAGES,2701.0,31
2017-03-11,1,DAIRY,889.0,29
2017-03-11,1,GROCERY I,3023.0,21
2017-03-12,1,BEVERAGES,1338.0,23
2017-03-12,1,DAIRY,415.0,19
2017-03-12,1,GROCERY I,1438.0,21
2017-03-13,1,BEVERAGES,2322.0,29
2017-03-13,1,DAIRY,815.0,30
2017-03-13,1,GROCERY I,2858.0,22
2017-03-14,1,BEVERAGES,2216.0,29
2017-03-14,1,DAIRY,783.0,22
2017-03-14,1,GROCERY I,2775.0,22
2017-03-15,1,BEVERAGES,2648.0,29
2017-03-15,1,DAIRY,953.0,30
2017-03-15,1,GROCERY I,3097.0,26
2017-03-16,1,BEVERAGES,2057.0,28
2017-03-16,1,DAIRY,794.0,31
2017-03-16,1,GROCERY I,2933.0,22
2017-03-17,1,BEVERAGES,2955.0,31
2017-03-17,1,DAIRY,1118.0,46
2017-03-17,1,GROCERY I,3456.0,20
2017-03-18,1,BEVERAGES,2502.0,29
2017-03-18,1,DAIRY,920.0,36
2017-03-18,1,GROCERY I,3015.0,20
2017-03-19,1,BEVERAGES,1094.0,22
2017-03-19,1,DAIRY,423.0,25
2017-03-19,1,GROCERY I,1458.0,19
2017-03-20,1,BEVERAGES,2370.0,25
2017-03-20,1,DAIRY,861.0,38
2017-03-20,1,GROCERY I,3157.0,19
2017-03-21,1,BEVERAGES,2873.0,21
2017-03-21,1,DAIRY,787.0,44
2017-03-21,1,GROCERY I,3562.0,21
2017-03-22,1,BEVERAGES,2658.0,24
2017-03-22,1,DAIRY,921.0,43
2017-03-22,1,GROCERY I,3074.0,27
2017-03-23,1,BEVERAGES,2333.0,20
2017-03-23,1,DAIRY,761.0,23
2017-03-23,1,GROCERY I,2728.0,22
2017-03-24,1,BEVERAGES,2745.0,19
2017-03-24,1,DAIRY,936.0,32
2017-03-24,1,GROCERY I,3321.0,24
2017-03-25,1,BEVERAGES,2356.0,21
2017-03-25,1,DAIRY,943.0,33
2017-03-25,1,GROCERY I,2853.0,25
2017-03-26,1,BEVERAGES,1110.0,16
2017-03-26,1,DAIRY,399.0,24
2017-03-26,1,GROCERY I,1330.0,18
2017-03-27,1,BEVERAGES,2388.0,21
2017-03-27,1,DAIRY,855.0,31
2017-03-27,1,GROCERY I,2830.0,22
2017-03-28,1,BEVERAGES,2184.0,17
2017-03-28,1,DAIRY,805.0,35
2017-03-28,1,GROCERY I,2937.0,20
2017-03-29,1,BEVERAGES,2450.0,23
2017-03-29,1,DAIRY,956.0,31
2017-03-29,1,GROCERY I,3104.0,29
2017-03-30,1,BEVERAGES,1971.0,3
2017-03-30,1,DAIRY,756.0,21
2017-03-30,1,GROCERY I,2557.0,34
2017-03-31,1,BEVERAGES,2351.0,7
2017-03-31,1,DAIRY,949.0,28
2017-03-31,1,GROCERY I,3185.0,38
2017-04-01,1,BEVERAGES,3229.0,8
2017-04-01,1,DAIRY,1151.0,3
2017-04-01,1,GROCERY I,3912.0,39
2017-04-02,1,BEVERAGES,1210.0,9
2017-04-02,1,DAIRY,446.0,1
2017-04-02,1,GROCERY I,1482.0,25
2017-04-03,1,BEVERAGES,2097.0,9
2017-04-03,1,DAIRY,794.0,5
2017-04-03,1,GROCERY I,2886.0,32
2017-04-04,1,BEVERAGES,2249.0,9
2017-04-04,1,DAIRY,725.0,3
2017-04-04,1,GROCERY I,2785.0,31
2017-04-05,1,BEVERAGES,2687.0,8
2017-04-05,1,DAIRY,1074.0,5
2017-04-05,1,GROCERY I,3492.0,43
2017-04-06,1,BEVERAGES,2164.0,10
2017-04-06,1,DAIRY,690.0,5
2017-04-06,1,GROCERY I,2461.0,43
2017-04-07,1,BEVERAGES,2527.0,7
2017-04-07,1,DAIRY,943.0,8
2017-04-07,1,GROCERY I,3054.0,42
2017-04-08,1,BEVERAGES,2729.0,9
2017-04-08,1,DAIRY,897.0,4
2017-04-08,1,GROCERY I,3174.0,45
2017-04-09,1,BEVERAGES,1175.0,7
2017-04-09,1,DAIRY,393.0,4
2017-04-09,1,GROCERY I,1394.0,28
2017-04-10,1,BEVERAGES,2033.0,8
2017-04-10,1,DAIRY,744.0,7
2017-04-10,1,GROCERY I,2437.0,42
2017-04-11,1,BEVERAGES,2116.0,11
2017-04-11,1,DAIRY,724.0,7
2017-04-11,1,GROCERY I,2674.0,48
2017-04-12,1,BEVERAGES,2457.0,21
2017-04-12,1,DAIRY,955.0,11
2017-04-12,1,GROCERY I,3374.0,76
2017-04-13,1,BEVERAGES,2599.0,27
2017-04-13,1,DAIRY,913.0,5
2017-04-13,1,GROCERY I,2931.0,67
2017-04-14,1,BEVERAGES,817.0,14
2017-04-14,1,DAIRY,357.0,7
2017-04-14,1,GROCERY I,790.0,38
2017-04-15,1,BEVERAGES,1946.0,13
2017-04-15,1,DAIRY,563.0,6
2017-04-15,1,GROCERY I,2030.0,54
2017-04-16,1,BEVERAGES,1114.0,20
2017-04-16,1,DAIRY,324.0,2
2017-04-16,1,GROCERY I,1185.0,60
2017-04-17,1,BEVERAGES,2731.0,23
2017-04-17,1,DAIRY,774.0,7
2017-04-17,1,GROCERY I,3641.0,73
2017-04-18,1,BEVERAGES,2102.0,20
2017-04-18,1,DAIRY,691.0,4
2017-04-18,1,GROCERY I,2579.0,65
2017-04-19,1,BEVERAGES,2426.0,27
2017-04-19,1,DAIRY,801.0,21
2017-04-19,1,GROCERY I,2972.0,95
2017-04-20,1,BEVERAGES,1948.0,23
2017-04-20,1,DAIRY,666.0,16
2017-04-20,1,GROCERY I,2546.0,72
2017-04-21,1,BEVERAGES,2600.0,25
2017-04-21,1,DAIRY,1078.0,27
2017-04-21,1,GROCERY I,3112.0,75
2017-04-22,1,BEVERAGES,2785.0,32
2017-04-22,1,DAIRY,884.0,23
2017-04-22,1,GROCERY I,2824.0,69
2017-04-23,1,BEVERAGES,1047.0,23
2017-04-23,1,DAIRY,390.0,20
2017-04-23,1,GROCERY I,1163.0,54
2017-04-24,1,BEVERAGES,2419.0,36
2017-04-24,1,DAIRY,832.0,21
2017-04-24,1,GROCERY I,2540.0,75
2017-04-25,1,BEVERAGES,2083.0,27
2017-04-25,1,DAIRY,669.0,21
2017-04-25,1,GROCERY I,2817.0,71
2017-04-26,1,BEVERAGES,2608.0,29
2017-04-26,1,DAIRY,832.0,24
2017-04-26,1,GROCERY I,2868.0,75
2017-04-27,1,BEVERAGES,2022.0,32
2017-04-27,1,DAIRY,734.0,25
2017-04-27,1,GROCERY I,2301.0,72
2017-04-28,1,BEVERAGES,2235.0,28
2017-04-28,1,DAIRY,867.0,30
2017-04-28,1,GROCERY I,2876.0,90
2017-04-29,1,BEVERAGES,2156.0,33
2017-04-29,1,DAIRY,809.0,24
2017-04-29,1,GROCERY I,2426.0,74
2017-04-30,1,BEVERAGES,995.0,17
2017-04-30,1,DAIRY,315.0,23
2017-04-30,1,GROCERY I,886.0,57
2017-05-01,1,BEVERAGES,825.0,15
2017-05-01,1,DAIRY,326.0,22
2017-05-01,1,GROCERY I,891.0,38
2017-05-02,1,BEVERAGES,3179.0,26
2017-05-02,1,DAIRY,897.0,25
2017-05-02,1,GROCERY I,4193.0,61
2017-05-03,1,BEVERAGES,2479.0,28
2017-05-03,1,DAIRY,927.0,36
2017-05-03,1,GROCERY I,3777.0,79
2017-05-04,1,BEVERAGES,2454.0,15
2017-05-04,1,DAIRY,755.0,30
2017-05-04,1,GROCERY I,2800.0,51
2017-05-05,1,BEVERAGES,2243.0,17
2017-05-05,1,DAIRY,882.0,31
2017-05-05,1,GROCERY I,2991.0,54
2017-05-06,1,BEVERAGES,2735.0,13
2017-05-06,1,DAIRY,919.0,28
2017-05-06,1,GROCERY I,2752.0,52
2017-05-07,1,BEVERAGES,1019.0,11
2017-05-07,1,DAIRY,355.0,25
2017-05-07,1,GROCERY I,1103.0,33
2017-05-08,1,BEVERAGES,2317.0,16
2017-05-08,1,DAIRY,852.0,27
2017-05-08,1,GROCERY I,2854.0,40
2017-05-09,1,BEVERAGES,1943.0,15
2017-05-09,1,DAIRY,780.0,27
2017-05-09,1,GROCERY I,2763.0,52
2017-05-10,1,BEVERAGES,2033.0,24
2017-05-10,1,DAIRY,906.0,34
2017-05-10,1,GROCERY I,2925.0,75
2017-05-11,1,BEVERAGES,1697.0,20
2017-05-11,1,DAIRY,721.0,24
2017-05-11,1,GROCERY I,2233.0,38
2017-05-12,1,BEVERAGES,2472.0,26
2017-05-12,1,DAIRY,857.0,22
2017-05-12,1,GROCERY I,3532.0,39
2017-05-13,1,BEVERAGES,2498.0,27
2017-05-13,1,DAIRY,939.0,23
2017-05-13,1,GROCERY I,2931.0,43
2017-05-14,1,BEVERAGES,883.0,18
2017-05-14,1,DAIRY,299.0,22
2017-05-14,1,GROCERY I,931.0,23
2017-05-15,1,BEVERAGES,2280.0,28
2017-05-15,1,DAIRY,710.0,24
2017-05-15,1,GROCERY I,2531.0,43
2017-05-16,1,BEVERAGES,2393.0,28
2017-05-16,1,DAIRY,794.0,23
2017-05-16,1,GROCERY I,2822.0,47
2017-05-17,1,BEVERAGES,2374.0,31
2017-05-17,1,DAIRY,828.0,25
2017-05-17,1,GROCERY I,3131.0,40
2017-05-18,1,BEVERAGES,2154.0,26
2017-05-18,1,DAIRY,718.0,23
2017-05-18,1,GROCERY I,2600.0,38
2017-05-19,1,BEVERAGES,2743.0,30
2017-05-19,1,DAIRY,957.0,26
2017-05-19,1,GROCERY I,3077.0,36
2017-05-20,1,BEVERAGES,2379.0,28
2017-05-20,1,DAIRY,795.0,24
2017-05-20,1,GROCERY I,2573.0,43
2017-05-21,1,BEVERAGES,974.0,23
2017-05-21,1,DAIRY,337.0,18
2017-05-21,1,GROCERY I,1205.0,32
2017-05-22,1,BEVERAGES,2620.0,25
2017-05-22,1,DAIRY,754.0,25
2017-05-22,1,GROCERY I,2842.0,39
2017-05-23,1,BEVERAGES,2365.0,25
2017-05-23,1,DAIRY,736.0,22
2017-05-23,1,GROCERY I,2665.0,41
2017-05-24,1,BEVERAGES,2611.0,26
2017-05-24,1,DAIRY,867.0,26
2017-05-24,1,GROCERY I,3574.0,46
2017-05-25,1,BEVERAGES,2229.0,27
2017-05-25,1,DAIRY,723.0,23
2017-05-25,1,GROCERY I,2505.0,40
2017-05-26,1,BEVERAGES,1100.0,21
2017-05-26,1,DAIRY,375.0,16
2017-05-26,1,GROCERY I,1301.0,31
2017-05-27,1,BEVERAGES,2270.0,30
2017-05-27,1,DAIRY,634.0,24
2017-05-27,1,GROCERY I,2166.0,33
2017-05-28,1,BEVERAGES,1110.0,24
2017-05-28,1,DAIRY,319.0,15
2017-05-28,1,GROCERY I,1258.0,34
2017-05-29,1,BEVERAGES,2407.0,32
2017-05-29,1,DAIRY,818.0,23
2017-05-29,1,GROCERY I,2666.0,39
2017-05-30,1,BEVERAGES,1937.0,31
2017-05-30,1,DAIRY,641.0,23
2017-05-30,1,GROCERY I,2497.0,39
2017-05-31,1,BEVERAGES,2554.0,31
2017-05-31,1,DAIRY,912.0,28
2017-05-31,1,GROCERY I,3262.0,38
2017-06-01,1,BEVERAGES,2250.0,9
2017-06-01,1,DAIRY,801.0,2
2017-06-01,1,GROCERY I,2774.0,1
2017-06-02,1,BEVERAGES,2752.0,27
2017-06-02,1,DAIRY,792.0,14
2017-06-02,1,GROCERY I,2953.0,33
2017-06-03,1,BEVERAGES,2718.0,24
2017-06-03,1,DAIRY,862.0,16
2017-06-03,1,GROCERY I,2996.0,35
2017-06-04,1,BEVERAGES,1142.0,17
2017-06-04,1,DAIRY,358.0,12
2017-06-04,1,GROCERY I,1148.0,22
2017-06-05,1,BEVERAGES,2616.0,20
2017-06-05,1,DAIRY,769.0,13
2017-06-05,1,GROCERY I,3071.0,36
2017-06-06,1,BEVERAGES,2625.0,24
2017-06-06,1,DAIRY,832.0,15
2017-06-06,1,GROCERY I,3383.0,37
2017-06-07,1,BEVERAGES,2651.0,26
2017-06-07,1,DAIRY,842.0,17
2017-06-07,1,GROCERY I,3353.0,55
2017-06-08,1,BEVERAGES,2159.0,22
2017-06-08,1,DAIRY,648.0,27
2017-06-08,1,GROCERY I,2902.0,51
2017-06-09,1,BEVERAGES,2532.0,23
2017-06-09,1,DAIRY,920.0,30
2017-06-09,1,GROCERY I,3105.0,44
2017-06-10,1,BEVERAGES,2692.0,23
2017-06-10,1,DAIRY,785.0,30
2017-06-10,1,GROCERY I,3106.0,51
2017-06-11,1,BEVERAGES,1272.0,23
2017-06-11,1,DAIRY,410.0,26
2017-06-11,1,GROCERY I,1352.0,38
2017-06-12,1,BEVERAGES,2335.0,24
2017-06-12,1,DAIRY,746.0,30
2017-06-12,1,GROCERY I,2601.0,45
2017-06-13,1,BEVERAGES,2579.0,21
2017-06-13,1,DAIRY,712.0,28
2017-06-13,1,GROCERY I,2426.0,44
2017-06-14,1,BEVERAGES,2707.0,25
2017-06-14,1,DAIRY,792.0,34
2017-06-14,1,GROCERY I,4411.0,65
2017-06-15,1,BEVERAGES,2137.0,22
2017-06-15,1,DAIRY,811.0,20
2017-06-15,1,GROCERY I,3189.0,63
2017-06-16,1,BEVERAGES,2532.0,17
2017-06-16,1,DAIRY,779.0,21
2017-06-16,1,GROCERY I,2991.0,53
2017-06-17,1,BEVERAGES,2738.0,19
2017-06-17,1,DAIRY,865.0,18
2017-06-17,1,GROCERY I,3016.0,49
2017-06-18,1,BEVERAGES,1005.0,10
2017-06-18,1,DAIRY,347.0,12
2017-06-18,1,GROCERY I,1223.0,40
2017-06-19,1,BEVERAGES,2493.0,16
2017-06-19,1,DAIRY,665.0,21
2017-06-19,1,GROCERY I,3373.0,47
2017-06-20,1,BEVERAGES,2977.0,17
2017-06-20,1,DAIRY,707.0,24
2017-06-20,1,GROCERY I,4575.0,48
2017-06-21,1,BEVERAGES,2583.0,34
2017-06-21,1,DAIRY,810.0,26
2017-06-21,1,GROCERY I,2898.0,80
2017-06-22,1,BEVERAGES,1824.0,21
2017-06-22,1,DAIRY,713.0,31
2017-06-22,1,GROCERY I,2499.0,56
2017-06-23,1,BEVERAGES,2394.0,24
2017-06-23,1,DAIRY,834.0,22
2017-06-23,1,GROCERY I,2663.0,57
2017-06-24,1,BEVERAGES,2674.0,25
2017-06-24,1,DAIRY,795.0,19
2017-06-24,1,GROCERY I,2877.0,55
2017-06-25,1,BEVERAGES,1070.0,20
2017-06-25,1,DAIRY,300.0,15
2017-06-25,1,GROCERY I,1264.0,48
2017-06-26,1,BEVERAGES,2242.0,25
2017-06-26,1,DAIRY,748.0,19
2017-06-26,1,GROCERY I,2812.0,45
2017-06-27,1,BEVERAGES,2101.0,25
2017-06-27,1,DAIRY,741.0,21
2017-06-27,1,GROCERY I,2653.0,46
2017-06-28,1,BEVERAGES,2203.0,26
2017-06-28,1,DAIRY,805.0,23
2017-06-28,1,GROCERY I,3003.0,53
2017-06-29,1,BEVERAGES,2128.0,26
2017-06-29,1,DAIRY,680.0,23
2017-06-29,1,GROCERY I,2603.0,59
2017-06-30,1,BEVERAGES,2496.0,30
2017-06-30,1,DAIRY,784.0,23
2017-06-30,1,GROCERY I,2916.0,70
2017-07-01,1,BEVERAGES,2596.0,27
2017-07-01,1,DAIRY,811.0,20
2017-07-01,1,GROCERY I,2871.0,56
2017-07-02,1,BEVERAGES,1135.0,25
2017-07-02,1,DAIRY,389.0,19
2017-07-02,1,GROCERY I,1222.0,54
2017-07-03,1,BEVERAGES,2526.0,27
2017-07-03,1,DAIRY,801.0,22
2017-07-03,1,GROCERY I,2952.0,56
2017-07-04,1,BEVERAGES,2284.0,27
2017-07-04,1,DAIRY,734.0,24
2017-07-04,1,GROCERY I,2759.0,60
2017-07-05,1,BEVERAGES,2691.0,42
2017-07-05,1,DAIRY,814.0,35
2017-07-05,1,GROCERY I,3147.0,80
2017-07-06,1,BEVERAGES,2284.0,39
2017-07-06,1,DAIRY,652.0,31
2017-07-06,1,GROCERY I,2550.0,58
2017-07-07,1,BEVERAGES,2574.0,41
2017-07-07,1,DAIRY,764.0,34
2017-07-07,1,GROCERY I,2972.0,47
2017-07-08,1,BEVERAGES,2351.0,38
2017-07-08,1,DAIRY,754.0,36
2017-07-08,1,GROCERY I,2561.0,45
2017-07-09,1,BEVERAGES,1181.0,35
2017-07-09,1,DAIRY,341.0,21
2017-07-09,1,GROCERY I,1140.0,27
2017-07-10,1,BEVERAGES,2338.0,38
2017-07-10,1,DAIRY,835.0,33
2017-07-10,1,GROCERY I,2849.0,46
2017-07-11,1,BEVERAGES,2372.0,36
2017-07-11,1,DAIRY,726.0,27
2017-07-11,1,GROCERY I,2712.0,47
2017-07-12,1,BEVERAGES,2460.0,45
2017-07-12,1,DAIRY,884.0,35
2017-07-12,1,GROCERY I,3185.0,59
2017-07-13,1,BEVERAGES,2115.0,34
2017-07-13,1,DAIRY,764.0,23
2017-07-13,1,GROCERY I,2571.0,47
2017-07-14,1,BEVERAGES,2529.0,40
2017-07-14,1,DAIRY,748.0,23
2017-07-14,1,GROCERY I,3182.0,58
2017-07-15,1,BEVERAGES,2183.0,38
2017-07-15,1,DAIRY,615.0,22
2017-07-15,1,GROCERY I,2297.0,43
2017-07-16,1,BEVERAGES,1079.0,34
2017-07-16,1,DAIRY,325.0,14
2017-07-16,1,GROCERY I,1028.0,39
2017-07-17,1,BEVERAGES,2381.0,39
2017-07-17,1,DAIRY,795.0,17
2017-07-17,1,GROCERY I,2720.0,52
2017-07-18,1,BEVERAGES,2589.0,42
2017-07-18,1,DAIRY,777.0,18
2017-07-18,1,GROCERY I,3370.0,54
2017-07-19,1,BEVERAGES,2369.0,34
2017-07-19,1,DAIRY,781.0,19
2017-07-19,1,GROCERY I,3065.0,76
2017-07-20,1,BEVERAGES,2006.0,32
2017-07-20,1,DAIRY,758.0,17
2017-07-20,1,GROCERY I,2592.0,64
2017-07-21,1,BEVERAGES,2859.0,30
2017-07-21,1,DAIRY,741.0,18
2017-07-21,1,GROCERY I,2725.0,61
2017-07-22,1,BEVERAGES,2258.0,22
2017-07-22,1,DAIRY,691.0,19
2017-07-22,1,GROCERY I,2576.0,65
2017-07-23,1,BEVERAGES,1024.0,19
2017-07-23,1,DAIRY,382.0,16
2017-07-23,1,GROCERY I,1371.0,45
2017-07-24,1,BEVERAGES,2158.0,22
2017-07-24,1,DAIRY,758.0,18
2017-07-24,1,GROCERY I,2612.0,55
2017-07-25,1,BEVERAGES,2438.0,23
2017-07-25,1,DAIRY,698.0,18
2017-07-25,1,GROCERY I,2405.0,63
2017-07-26,1,BEVERAGES,2242.0,21
2017-07-26,1,DAIRY,775.0,17
2017-07-26,1,GROCERY I,2878.0,69
2017-07-27,1,BEVERAGES,2002.0,27
2017-07-27,1,DAIRY,722.0,8
2017-07-27,1,GROCERY I,2466.0,54
2017-07-28,1,BEVERAGES,2358.0,26
2017-07-28,1,DAIRY,711.0,7
2017-07-28,1,GROCERY I,2622.0,44
2017-07-29,1,BEVERAGES,2161.0,22
2017-07-29,1,DAIRY,676.0,7
2017-07-29,1,GROCERY I,2446.0,53
2017-07-30,1,BEVERAGES,1212.0,16
2017-07-30,1,DAIRY,316.0,6
2017-07-30,1,GROCERY I,1086.0,42
2017-07-31,1,BEVERAGES,2414.0,24
2017-07-31,1,DAIRY,727.0,7
2017-07-31,1,GROCERY I,2966.0,54
2017-08-01,1,BEVERAGES,2627.0,26
2017-08-01,1,DAIRY,668.0,3
2017-08-01,1,GROCERY I,2872.0,45
2017-08-02,1,BEVERAGES,2645.0,25
2017-08-02,1,DAIRY,941.0,3
2017-08-02,1,GROCERY I,3247.0,58
2017-08-03,1,BEVERAGES,2037.0,7
2017-08-03,1,DAIRY,529.0,12
2017-08-03,1,GROCERY I,2177.0,29
2017-08-04,1,BEVERAGES,2479.0,10
2017-08-04,1,DAIRY,767.0,20
2017-08-04,1,GROCERY I,2778.0,35
2017-08-05,1,BEVERAGES,2093.0,7
2017-08-05,1,DAIRY,624.0,21
2017-08-05,1,GROCERY I,2034.0,29
2017-08-06,1,BEVERAGES,968.0,5
2017-08-06,1,DAIRY,312.0,14
2017-08-06,1,GROCERY I,1025.0,29
2017-08-07,1,BEVERAGES,2086.0,7
2017-08-07,1,DAIRY,717.0,18
2017-08-07,1,GROCERY I,2551.0,44
2017-08-08,1,BEVERAGES,2418.0,7
2017-08-08,1,DAIRY,569.0,20
2017-08-08,1,GROCERY I,3062.0,35
2017-08-09,1,BEVERAGES,2311.0,7
2017-08-09,1,DAIRY,789.0,17
2017-08-09,1,GROCERY I,2719.0,46
2017-08-10,1,BEVERAGES,2377.0,6
2017-08-10,1,DAIRY,736.0,21
2017-08-10,1,GROCERY I,2591.0,31
2017-08-11,1,BEVERAGES,1006.0,3
2017-08-11,1,DAIRY,343.0,14
2017-08-11,1,GROCERY I,1270.0,24
2017-08-12,1,BEVERAGES,1659.0,7
2017-08-12,1,DAIRY,526.0,19
2017-08-12,1,GROCERY I,1630.0,28
2017-08-13,1,BEVERAGES,803.0,5
2017-08-13,1,DAIRY,266.0,15
2017-08-13,1,GROCERY I,952.0,19
2017-08-14,1,BEVERAGES,2201.0,9
2017-08-14,1,DAIRY,699.0,23
2017-08-14,1,GROCERY I,2407.0,30
2017-08-15,1,BEVERAGES,1942.0,11
2017-08-15,1,DAIRY,602.0,19
2017-08-15,1,GROCERY I,2508.0,29
